Symbol,Series,Date,Prev Close,Open,High,Low,Last Price,Close,Average Price,Total Traded Quantity,Turnover,No. of Trades,Deliverable Qty,% Dly Qt to Traded Qty
TCS,EQ,1/25/2017,2318.35,2322.6,2360,2318.05,2357,2353,2342.18,2055824,4815099961,97383,1547526,75.28
TCS,EQ,1/27/2017,2353,2345.05,2378.75,2345.05,2359,2357.8,2364.53,1435829,3395067791,92758,1211620,84.38
TCS,EQ,1/30/2017,2357.8,2341,2351.95,2318.15,2338.85,2332.9,2332.5,1288978,3006538348,69978,1088546,84.45
TCS,EQ,1/31/2017,2332.9,2320,2332.05,2200.05,2232,2229.8,2241.5,2333402,5230322456,110541,1429985,61.28
TCS,EQ,2/1/2017,2229.8,2220,2239.95,2155.55,2164.9,2167.9,2175.8,2432076,5291712359,132666,1376549,56.6
TCS,EQ,2/2/2017,2167.9,2170.05,2219,2153,2204.45,2207.65,2181.08,3004741,6553591202,144956,1934670,64.39
TCS,EQ,2/3/2017,2207.65,2209.7,2243,2191,2238.8,2232.55,2221.59,1076686,2391954121,54554,607431,56.42
TCS,EQ,2/6/2017,2232.55,2258,2258.5,2214.95,2242,2240.75,2234.09,1204455,2690866088,64627,831461,69.03
TCS,EQ,2/7/2017,2240.75,2244,2252.6,2226,2245.9,2244.6,2243.18,907319,2035275818,34002,668176,73.64
TCS,EQ,2/8/2017,2244.6,2244.9,2282.6,2244.05,2281,2270.95,2270.63,1106292,2511976964,58066,783883,70.86
TCS,EQ,2/9/2017,2270.95,2275,2328,2270.2,2317,2317.3,2307.82,2016601,4653944450,112590,1620147,80.34
TCS,EQ,2/10/2017,2317.3,2311,2424.45,2311,2382.9,2397.95,2363.49,2891080,6833046949,145483,2117700,73.25
TCS,EQ,2/13/2017,2397.95,2396,2429,2382.35,2409.1,2414.25,2410.42,1909906,4603667357,104603,1222149,63.99
TCS,EQ,2/14/2017,2414.25,2419.65,2419.65,2398,2398.15,2406.25,2409.94,1016664,2450097018,76040,735744,72.37
TCS,EQ,2/15/2017,2406.25,2397,2428,2375.1,2423.45,2413.7,2405.57,962486,2315327647,57071,542885,56.4
TCS,EQ,2/16/2017,2413.7,2460,2478,2435.6,2450,2447.75,2452.74,2087840,5120936863,99962,1227336,58.78
TCS,EQ,2/17/2017,2447.75,2472,2475.6,2402,2415,2407.9,2421.27,1361662,3296953906,64946,826265,60.68
TCS,EQ,2/20/2017,2407.9,2425,2555,2408.1,2505,2502.2,2478.91,1986974,4925531623,84695,885808,44.58
TCS,EQ,2/21/2017,2502.2,2514,2525.9,2455.15,2461.5,2465.35,2490.33,2750556,6849804248,102552,1154293,41.97
TCS,EQ,2/22/2017,2465.35,2465.9,2470,2400.15,2409.95,2411.5,2424.5,2252748,5461797325,101642,1583569,70.29
TCS,EQ,2/23/2017,2411.5,2415,2493.25,2415,2479,2481.8,2467.63,2426676,5988140300,120055,1527553,62.95
TCS,EQ,2/27/2017,2481.8,2479.1,2502,2470.05,2492,2489.85,2489.22,1069946,2663332100,44416,585722,54.74
TCS,EQ,2/28/2017,2489.85,2489.5,2490,2450,2460,2466.25,2465.7,1177414,2903153878,58003,671675,57.05
TCS,EQ,3/1/2017,2466.25,2479.9,2501.9,2470,2475.3,2479.55,2486.14,565187,1405135910,36305,243067,43.01
TCS,EQ,3/2/2017,2479.55,2486.7,2510,2470.05,2503.2,2501.45,2497.75,772471,1929438452,44956,401595,51.99
TCS,EQ,3/3/2017,2501.45,2492,2499.7,2475.4,2490,2494.05,2488.47,506985,1261617129,33930,256327,50.56
TCS,EQ,3/6/2017,2494.05,2480,2484,2454.55,2477.4,2472.5,2467.59,700347,1728171969,31798,336942,48.11
TCS,EQ,3/7/2017,2472.5,2482.9,2505,2475.05,2505,2499.8,2494.54,755836,1885463741,40150,457797,60.57
TCS,EQ,3/8/2017,2499.8,2502,2520,2492.2,2515.5,2512.2,2506.23,895755,2244966605,58118,571017,63.75
TCS,EQ,3/9/2017,2512.2,2514.15,2524,2504.05,2522,2519.75,2516.57,429234,1080198641,34781,213225,49.68
TCS,EQ,3/10/2017,2519.75,2519.6,2549.55,2513.95,2542.3,2542.25,2538.1,585710,1486590387,40437,336059,57.38
TCS,EQ,3/14/2017,2542.25,2556.8,2587.15,2551.05,2569.85,2567.5,2570.09,1701147,4372097613,79617,1396289,82.08
TCS,EQ,3/15/2017,2567.5,2572,2572.15,2493.85,2499,2498.3,2512.68,1511248,3797287202,80366,1050304,69.5
TCS,EQ,3/16/2017,2498.3,2506,2527,2506,2521.95,2520.9,2518.82,785909,1979564854,38597,500981,63.75
TCS,EQ,3/17/2017,2520.9,2546,2546,2509.75,2532.15,2525.75,2526.1,1296576,3275280167,68693,944262,72.83
TCS,EQ,3/20/2017,2525.75,2525.95,2525.95,2466,2476.1,2480,2484.21,1743770,4331887420,53873,983759,56.42
TCS,EQ,3/21/2017,2480,2482,2492,2465,2484.85,2486.7,2480.49,1686850,4184219727,35144,907802,53.82
TCS,EQ,3/22/2017,2486.7,2480.15,2496,2469.95,2472.3,2478.95,2480.43,944358,2342413605,33906,597246,63.24
TCS,EQ,3/23/2017,2478.95,2482,2485.05,2447.2,2457.95,2460.35,2460.01,1310319,3223394959,44174,878276,67.03
TCS,EQ,3/24/2017,2460.35,2469.8,2469.8,2423.3,2428,2427.2,2437.96,2549907,6216581146,53320,1519633,59.6
TCS,EQ,3/27/2017,2427.2,2426.95,2440,2406,2411,2412.05,2418.6,1090635,2637809011,52262,804912,73.8
TCS,EQ,3/28/2017,2412.05,2410,2443.4,2410,2430.7,2429.95,2431.89,576579,1402176401,35869,349059,60.54
TCS,EQ,3/29/2017,2429.95,2436,2450.8,2425.6,2443.1,2444.6,2439.98,858882,2095657290,58433,601243,70
TCS,EQ,3/30/2017,2444.6,2444.9,2465,2435,2436.7,2441,2448.49,1493043,3655700076,63889,1139608,76.33
TCS,EQ,3/31/2017,2441,2438.4,2440.85,2415,2423.1,2431.8,2426.64,933522,2265321422,43625,604696,64.78
TCS,EQ,4/3/2017,2431.8,2435,2435,2408.2,2410,2411.7,2418,598444,1447037677,29133,396994,66.34
TCS,EQ,4/5/2017,2411.7,2419.9,2419.9,2395,2404.5,2401.25,2401.62,1452784,3489032404,96591,1059317,72.92
TCS,EQ,4/6/2017,2401.25,2400,2410,2392.55,2395,2400.05,2399.64,860352,2064532793,35993,617261,71.75
TCS,EQ,4/7/2017,2400.05,2394.9,2433.25,2392.15,2432,2429.05,2418.91,1138506,2753948935,70769,753307,66.17
TCS,EQ,4/10/2017,2429.05,2432,2449,2405,2408,2422.25,2434.88,1271632,3096272696,47017,938567,73.81
TCS,EQ,4/11/2017,2422.25,2417.3,2443.1,2406,2419.65,2419.3,2429.55,778892,1892359268,36564,584733,75.07
TCS,EQ,4/12/2017,2419.3,2422.5,2428,2383,2392,2393.25,2403.41,525269,1262434614,36629,331274,63.07
TCS,EQ,4/13/2017,2393.25,2400,2409,2321.05,2335,2328.65,2340.72,1250236,2926458639,94763,817092,65.36
TCS,EQ,4/17/2017,2328.65,2330.4,2332.9,2295.15,2319,2314.85,2309.69,1135441,2622515682,30523,537794,47.36
TCS,EQ,4/18/2017,2314.85,2330,2334.2,2302.05,2302.05,2308.8,2319.46,865310,2007051616,32093,271082,31.33
TCS,EQ,4/19/2017,2308.8,2263.5,2348.7,2252.8,2302,2299.15,2297.47,2813406,6463724126,118781,928052,32.99
TCS,EQ,4/20/2017,2299.15,2305.3,2332,2290.95,2325,2325.5,2309.27,634421,1465051937,58222,372946,58.79
TCS,EQ,4/21/2017,2325.5,2329.1,2335.65,2301,2312,2310.8,2313.83,580577,1343353657,29955,361176,62.21
TCS,EQ,4/24/2017,2310.8,2300,2339.65,2282.5,2328,2328.1,2317.25,1000010,2317273548,48463,638695,63.87
TCS,EQ,4/25/2017,2328.1,2328,2344.45,2302.7,2310,2311.5,2313.08,1574355,3641606876,83159,1306150,82.96
TCS,EQ,4/26/2017,2311.5,2340,2343.95,2303.05,2310,2310.35,2312.81,1093719,2529562499,47332,845965,77.35
TCS,EQ,4/27/2017,2310.35,2306.05,2327.8,2277.65,2289.8,2302.65,2307.22,2886593,6659993493,90044,2491865,86.33
TCS,EQ,4/28/2017,2302.65,2294,2298.75,2268,2275,2273.15,2281.49,1270255,2898077017,71376,962404,75.76
TCS,EQ,5/2/2017,2273.15,2294,2302,2280,2288.15,2289.9,2291.39,1191348,2729841238,84453,954608,80.13
TCS,EQ,5/3/2017,2289.9,2295,2345,2268.5,2337.8,2337.3,2321.66,1757203,4079634982,90354,1185505,67.47
TCS,EQ,5/4/2017,2337.3,2349.95,2350,2308.8,2331.9,2330.1,2326.77,1354104,3150690120,64467,1007903,74.43
TCS,EQ,5/5/2017,2330.1,2308,2332.5,2302.5,2323,2320.5,2319.55,841237,1951289537,44152,484888,57.64
TCS,EQ,5/8/2017,2320.5,2321,2347.4,2317.7,2342,2342.45,2337.57,535891,1252684796,40124,344969,64.37
TCS,EQ,5/9/2017,2342.45,2343.95,2361,2332.55,2355,2352.55,2349.47,895135,2103094503,56506,663864,74.16
TCS,EQ,5/10/2017,2352.55,2355,2356.15,2316,2335.75,2332.45,2330.31,603194,1405627272,50299,381618,63.27
TCS,EQ,5/11/2017,2332.45,2347.3,2360,2322.75,2350.65,2349.45,2338.36,1035651,2421728801,48951,786051,75.9
TCS,EQ,5/12/2017,2349.45,2343.3,2369.9,2320.05,2369.9,2360.65,2350.96,1157223,2720590466,43095,807055,69.74
TCS,EQ,5/15/2017,2360.65,2375.1,2377.95,2341.6,2368,2365.1,2352.6,908802,2138043383,30047,712450,78.39
TCS,EQ,5/16/2017,2365.1,2380,2435,2373.45,2425.1,2429.15,2410.26,1800513,4339703206,58476,1167534,64.84
TCS,EQ,5/17/2017,2429.15,2433.5,2460.75,2423,2450,2455.35,2443.31,1438099,3513728630,86412,1031752,71.74
TCS,EQ,5/18/2017,2455.35,2450,2572,2442.25,2525,2536.2,2525.78,2569297,6489478325,111566,1135613,44.2
TCS,EQ,5/19/2017,2536.2,2536.2,2540.55,2486,2503.85,2507.15,2506.58,893022,2238429863,63112,517461,57.94
TCS,EQ,5/22/2017,2507.15,2510,2553.75,2510,2535,2531.35,2530.69,831970,2105461143,53261,509741,61.27
TCS,EQ,5/23/2017,2531.35,2533.2,2564.15,2514,2523.7,2521.7,2530.49,1374298,3477645339,88749,995551,72.44
TCS,EQ,5/24/2017,2521.7,2534.8,2570,2529.65,2567.1,2559.15,2545.01,1267274,3225227837,58716,918505,72.48
TCS,EQ,5/25/2017,2559.15,2577,2637.55,2568,2615.05,2624.6,2605.4,2047047,5333377224,87147,1180439,57.67
TCS,EQ,5/26/2017,2624.6,2625,2626.85,2564.65,2570.05,2578.25,2593,681275,1766542911,32170,390827,57.37
TCS,EQ,5/29/2017,2578.25,2579,2596.5,2564,2572,2572.85,2577.65,874645,2254524744,41767,635375,72.64
TCS,EQ,5/30/2017,2572.85,2560,2575.95,2525,2548.2,2551.1,2554.74,463817,1184932112,26766,246206,53.08
TCS,EQ,5/31/2017,2551.1,2533,2572.5,2528,2539.95,2546.6,2549.69,1251365,3190589291,103176,925467,73.96
TCS,EQ,6/1/2017,2546.6,2530,2564,2530,2553,2553.6,2552.85,540032,1378618493,38315,370004,68.52
TCS,EQ,6/2/2017,2553.6,2556.25,2591.85,2552.5,2560,2564.9,2568.84,677824,1741220234,43736,511928,75.53
TCS,EQ,6/5/2017,2564.9,2565,2619.9,2560.15,2616,2603.95,2577.2,750094,1933140403,39041,490594,65.4
TCS,EQ,6/6/2017,2603.95,2631,2708.95,2630,2705,2696,2693.18,2973360,8007780799,132494,1888281,63.51
TCS,EQ,6/7/2017,2696,2697,2700,2576.55,2613.95,2615.25,2624.95,2463888,6467588529,109104,1265805,51.37
TCS,EQ,6/8/2017,2615.25,2598,2604.95,2515.5,2520,2521.6,2543.44,1665357,4235730503,80468,678314,40.73
TCS,EQ,6/9/2017,2521.6,2520,2547.4,2486,2518.6,2507,2513.28,1574017,3955950265,83931,599286,38.07
TCS,EQ,6/12/2017,2507,2497,2512.9,2470.4,2484.9,2487.2,2487.48,813253,2022948074,44849,306655,37.71
TCS,EQ,6/13/2017,2487.2,2465,2481.1,2447,2450,2451.55,2464.89,587707,1448635342,52410,268108,45.62
TCS,EQ,6/14/2017,2451.55,2455,2476,2455,2465.4,2470.2,2469.41,744571,1838650964,42987,456486,61.31
TCS,EQ,6/15/2017,2470.2,2469,2469.7,2405,2410,2411.2,2427.94,1498599,3638509043,65157,1140716,76.12
TCS,EQ,6/16/2017,2411.2,2414.95,2435,2386.5,2395,2399.7,2402.96,1225213,2944142144,72001,709697,57.92
TCS,EQ,6/19/2017,2399.7,2416.9,2446.35,2405.15,2432,2431.7,2430.5,822371,1998776222,53034,493678,60.03
TCS,EQ,6/20/2017,2431.7,2431,2449,2380.3,2443.6,2445,2427.14,835479,2027828499,56385,443227,53.05
TCS,EQ,6/21/2017,2445,2440,2442.15,2397.2,2406.75,2406.3,2412.24,828909,1999530130,60134,488457,58.93
TCS,EQ,6/22/2017,2406.3,2409,2431,2385,2391.45,2394.85,2403.02,2887941,6939787421,51314,2442403,84.57
TCS,EQ,6/23/2017,2394.85,2399.4,2413.95,2354,2359.8,2361.7,2388.78,712378,1701711236,52090,347676,48.8
TCS,EQ,6/27/2017,2361.7,2350.6,2384.7,2331.6,2348,2342.85,2357.33,987165,2327075045,61242,613618,62.16
TCS,EQ,6/28/2017,2342.85,2349.9,2358,2335,2346.25,2350.05,2345.89,894863,2099251694,46724,653390,73.02
TCS,EQ,6/29/2017,2350.05,2359,2372.05,2323.1,2328.95,2333.25,2342.52,1235913,2895151089,41555,909603,73.6
TCS,EQ,6/30/2017,2333.25,2324.4,2377,2323.1,2361,2362.35,2361.01,876924,2070428288,45339,543014,61.92
TCS,EQ,7/3/2017,2362.35,2357.4,2383.05,2343.1,2371,2373.6,2368.46,737978,1747872336,39614,492755,66.77
TCS,EQ,7/4/2017,2373.6,2373.3,2380.45,2350.05,2360.8,2366.85,2366.9,607567,1438053125,24611,339629,55.9
TCS,EQ,7/5/2017,2366.85,2360.8,2365,2345,2358,2356,2354.42,407928,960433302.5,22153,216685,53.12
TCS,EQ,7/6/2017,2356,2359,2361.9,2340.1,2350.05,2347.55,2348.75,513394,1205834807,26826,342973,66.81
TCS,EQ,7/7/2017,2347.55,2350,2356.45,2325.5,2332,2331.95,2343.49,616045,1443697743,52731,417958,67.85
TCS,EQ,7/10/2017,2331.95,2341,2444.9,2341,2435,2434.95,2426.54,398392,966714360.9,12486,188289,47.26
TCS,EQ,7/11/2017,2434.95,2426,2514.8,2426,2482.5,2475.8,2478.13,1768752,4383194953,96054,937311,52.99
TCS,EQ,7/12/2017,2475.8,2482.5,2483.3,2430.1,2441,2439.45,2453.34,1323225,3246316255,62259,926229,70
TCS,EQ,7/13/2017,2439.45,2445,2472,2426.6,2439,2446.4,2449.5,1565980,3835873018,64700,819249,52.32
TCS,EQ,7/14/2017,2446.4,2383,2425,2375,2399.1,2397.45,2396.18,2254216,5401499336,95561,853385,37.86
TCS,EQ,7/17/2017,2397.45,2397.7,2422.1,2382.2,2397.1,2395.45,2402.63,1105911,2657095372,49251,668063,60.41
TCS,EQ,7/18/2017,2395.45,2396.15,2443,2396.15,2415.1,2408.35,2418.05,954001,2306823903,67981,587896,61.62
TCS,EQ,7/19/2017,2408.35,2415.5,2460,2415.1,2449.25,2449.6,2442.01,1957788,4780943653,87419,1244355,63.56
TCS,EQ,7/20/2017,2449.6,2449.25,2456.9,2430.5,2437,2444.7,2441.25,591252,1443393894,23307,305250,51.63
TCS,EQ,7/21/2017,2444.7,2434.9,2500,2434.55,2496,2491.2,2473.18,1074208,2656704863,64460,652870,60.78
TCS,EQ,7/24/2017,2491.2,2482,2540,2482,2535,2530.7,2519.47,1135701,2861364170,68968,749335,65.98
TCS,EQ,7/25/2017,2530.7,2525.75,2580,2518.4,2579,2571.5,2552.41,1339416,3418736145,93466,915489,68.35
TCS,EQ,7/26/2017,2571.5,2560,2575,2547,2552,2556,2559.66,729913,1868329653,38234,464420,63.63
TCS,EQ,7/27/2017,2556,2542.2,2584.8,2466.5,2477,2481.7,2499.85,2127652,5318805858,58582,1376530,64.7
TCS,EQ,7/28/2017,2481.7,2481,2493.05,2442,2484.95,2484.3,2467.41,691376,1705908235,55534,349700,50.58
TCS,EQ,7/31/2017,2484.3,2471,2519,2463,2494.95,2491.8,2490.03,1009831,2514510450,59801,555095,54.97
TCS,EQ,8/1/2017,2491.8,2500,2520.75,2491,2495.15,2501.65,2502.14,873730,2186195097,42188,620303,70.99
TCS,EQ,8/2/2017,2501.65,2500,2508,2462,2475,2473.8,2484.51,625512,1554089627,44731,366332,58.57
TCS,EQ,8/3/2017,2473.8,2480,2502,2466.45,2490.05,2489.45,2486.75,941274,2340709564,39294,732362,77.81
TCS,EQ,8/4/2017,2489.45,2490.8,2528.3,2488,2525,2522.8,2510.86,693945,1742396092,31371,340218,49.03
TCS,EQ,8/7/2017,2522.8,2516.5,2520,2481.2,2507.4,2503.45,2491.28,942760,2348682444,29848,699856,74.23
TCS,EQ,8/8/2017,2503.45,2512,2528.6,2496.3,2500.15,2503.05,2507.64,536979,1346550397,24609,309875,57.71
TCS,EQ,8/9/2017,2503.05,2500,2522.85,2493.3,2508.35,2512,2511.32,496473,1246803082,33860,316032,63.66
TCS,EQ,8/10/2017,2512,2509,2520.6,2486.35,2520,2511.45,2499.22,763086,1907116797,37900,507304,66.48
TCS,EQ,8/11/2017,2511.45,2499.9,2535,2483,2492.65,2496.05,2503.79,697368,1746060388,41945,327636,46.98
TCS,EQ,8/14/2017,2496.05,2503,2509.9,2463,2468,2469.4,2487.26,393252,978120247.9,29766,227374,57.82
TCS,EQ,8/16/2017,2469.4,2484,2543.8,2465.2,2490.15,2492.35,2487.66,686670,1708202481,44396,437761,63.75
TCS,EQ,8/17/2017,2492.35,2500.7,2505,2462.1,2485.55,2485.65,2480.04,876187,2172977685,40452,613453,70.01
TCS,EQ,8/18/2017,2485.65,2474,2549.9,2471.4,2515,2513.8,2520.86,1418678,3576281722,77980,837580,59.04
TCS,EQ,8/21/2017,2513.8,2505.5,2549,2494.3,2513.2,2528.8,2534.62,1152417,2920941548,54265,747946,64.9
TCS,EQ,8/22/2017,2528.8,2523,2539.5,2492,2500,2497.55,2516.08,565663,1423251638,35029,287383,50.8
TCS,EQ,8/23/2017,2497.55,2505,2516.8,2473.15,2491.6,2489.45,2487.52,781136,1943093967,39129,512785,65.65
TCS,EQ,8/24/2017,2489.45,2497.7,2517.95,2486.15,2498.05,2496.6,2495.82,811954,2026487436,42614,596982,73.52
TCS,EQ,8/28/2017,2496.6,2504.6,2505.4,2461,2491,2487.3,2479.76,1018398,2525378755,54931,696983,68.44
TCS,EQ,8/29/2017,2487.3,2482,2496,2463.95,2475.05,2470.85,2472.97,656301,1623010551,23498,432172,65.85
TCS,EQ,8/30/2017,2470.85,2481,2490,2460.1,2485,2484.55,2478.46,485391,1203020937,24262,240993,49.65
TCS,EQ,8/31/2017,2484.55,2485,2504.4,2466.65,2498,2496.35,2489.91,892332,2221830191,47192,591710,66.31
TCS,EQ,9/1/2017,2496.35,2480,2498.05,2436.55,2460.6,2456.45,2452.84,851165,2087770465,40185,447974,52.63
TCS,EQ,9/4/2017,2456.45,2453.1,2461,2438,2457,2456.2,2452.06,531272,1302711214,29763,314907,59.27
TCS,EQ,9/5/2017,2456.2,2460,2490,2437.05,2484.65,2484.35,2463.13,582997,1435996999,27861,390654,67.01
TCS,EQ,9/6/2017,2484.35,2468.15,2474.85,2450,2453,2453.2,2454.77,614382,1508166252,37430,428731,69.78
TCS,EQ,9/7/2017,2453.2,2458,2468.4,2451.05,2460,2460.1,2458.6,435318,1070273155,35496,314028,72.14
TCS,EQ,9/8/2017,2460.1,2453.75,2474,2452.55,2465.15,2470.6,2466.13,510567,1259126114,26980,354180,69.37
TCS,EQ,9/11/2017,2470.6,2471.2,2482.95,2450,2455,2454.45,2463.39,366382,902539941.4,17519,260179,71.01
TCS,EQ,9/12/2017,2454.45,2473.9,2497,2457,2497,2488.45,2469.62,698230,1724359523,25758,552659,79.15
TCS,EQ,9/13/2017,2488.45,2500,2531.65,2475.2,2492.7,2489.2,2504.48,639490,1601590314,32185,345028,53.95
TCS,EQ,9/14/2017,2489.2,2482,2497.6,2471.9,2485,2486.95,2484.2,540755,1343342208,38222,389170,71.97
TCS,EQ,9/15/2017,2486.95,2499,2517,2485,2504,2506.05,2503.39,1472036,3685085664,57885,1204007,81.79
TCS,EQ,9/18/2017,2506.05,2504.95,2518.95,2489.25,2505,2499.05,2502.71,363300,909233455.5,34868,240697,66.25
TCS,EQ,9/19/2017,2499.05,2505,2505,2491.5,2498,2498.25,2496.55,391377,977092538.4,14036,296891,75.86
TCS,EQ,9/20/2017,2498.25,2514,2514,2474.3,2496,2493.55,2485.89,667321,1658884674,21548,536043,80.33
TCS,EQ,9/21/2017,2493.55,2491.05,2541,2480,2525,2524.9,2509.94,1219370,3060544846,44213,843424,69.17
TCS,EQ,9/22/2017,2524.9,2519.9,2526.9,2492,2509,2503.6,2508.22,1217698,3054249816,47174,887364,72.87
TCS,EQ,9/25/2017,2503.6,2496.55,2534,2492.75,2510,2510.75,2515.11,799779,2011528454,50797,499966,62.51
TCS,EQ,9/26/2017,2510.75,2510,2526.4,2466,2475,2474.65,2485.79,724615,1801238878,30740,496026,68.45
TCS,EQ,9/27/2017,2474.65,2490,2512.2,2473.75,2495.1,2495,2495.71,1005178,2508634483,37197,646194,64.29
TCS,EQ,9/28/2017,2495,2494.7,2514,2452,2472.75,2476.45,2480.49,2166433,5373819971,89294,1630581,75.27
TCS,EQ,9/29/2017,2476.45,2479,2484,2421.5,2437.6,2435.95,2455.42,992507,2437024637,60239,705264,71.06
TCS,EQ,10/3/2017,2435.95,2440,2454.3,2427.05,2452,2448.45,2440.87,961503,2346905981,57917,685041,71.25
TCS,EQ,10/4/2017,2448.45,2449.6,2454,2425,2442,2442.3,2440.46,650389,1587250046,31490,469306,72.16
TCS,EQ,10/5/2017,2442.3,2441,2443.45,2424.4,2430,2429.6,2434.97,842343,2051077541,21566,693866,82.37
TCS,EQ,10/6/2017,2429.6,2430,2455,2428.05,2451,2446.65,2443.5,694594,1697239803,31692,487487,70.18
TCS,EQ,10/9/2017,2446.65,2441.05,2467.95,2441.05,2449.1,2454.1,2457.72,886808,2179528945,30973,714603,80.58
TCS,EQ,10/10/2017,2454.1,2455,2469.95,2451.25,2453.4,2459.25,2459.75,611005,1502919509,32806,477108,78.09
TCS,EQ,10/11/2017,2459.25,2460,2514.45,2456.75,2500,2500.35,2494.35,763873,1905365312,39551,473024,61.92
TCS,EQ,10/12/2017,2500.35,2513,2555,2507,2546.9,2548.2,2529.48,2503178,6331734421,55773,1654922,66.11
TCS,EQ,10/13/2017,2548.2,2548.2,2608.95,2523,2559.75,2558.6,2562.16,2033160,5209287767,83968,623802,30.68
TCS,EQ,10/16/2017,2558.6,2555.05,2590,2555.05,2587,2584.4,2577.86,609295,1570677295,50285,381873,62.67
TCS,EQ,10/17/2017,2584.4,2585,2614.95,2577.55,2594.6,2594.55,2598.37,721508,1874743481,33284,421119,58.37
TCS,EQ,10/18/2017,2594.55,2595,2613.65,2580,2592,2586.6,2588.24,757072,1959481782,27424,556509,73.51
TCS,EQ,10/19/2017,2586.6,2592,2595.8,2571,2583.4,2583.9,2581.96,43411,112085629.9,2351,13869,31.95
TCS,EQ,10/23/2017,2583.9,2584,2629,2547.45,2590,2587.9,2599.06,943044,2451028659,58735,720214,76.37
TCS,EQ,10/24/2017,2587.9,2620,2620.9,2569.05,2575,2578.4,2581.12,669510,1728088703,44454,495808,74.06
TCS,EQ,10/25/2017,2578.4,2578.5,2614,2555,2560,2559.9,2580.66,552553,1425951633,38719,362115,65.53
TCS,EQ,10/26/2017,2559.9,2535.1,2569.15,2517.9,2531.7,2538.85,2541.16,1503776,3821328695,52192,1032027,68.63
TCS,EQ,10/27/2017,2538.85,2538,2593.15,2530.3,2580,2584.3,2567.39,704635,1809074619,34346,505106,71.68
TCS,EQ,10/30/2017,2584.3,2586,2620,2581.7,2615.1,2616.2,2606.79,568626,1482289818,21542,350603,61.66
TCS,EQ,10/31/2017,2616.2,2601.3,2640,2601.3,2618.75,2624,2627.82,796317,2092579457,45128,558622,70.15
TCS,EQ,11/1/2017,2624,2624,2626.85,2578.85,2607.75,2602.85,2593.88,370941,962175485.8,28138,196048,52.85
TCS,EQ,11/2/2017,2602.85,2608.5,2674,2606.75,2623.05,2626.15,2639.78,734211,1938158859,29980,406095,55.31
TCS,EQ,11/3/2017,2626.15,2632.4,2636.7,2602.8,2622,2620.1,2619.76,333443,873540922.1,29606,214694,64.39
TCS,EQ,11/6/2017,2620.1,2620,2671.8,2611.75,2660.15,2665.55,2641.62,688500,1818752069,61866,527626,76.63
TCS,EQ,11/7/2017,2665.55,2670,2768,2666.05,2710,2710.05,2718.44,1348446,3665665142,61294,584060,43.31
TCS,EQ,11/8/2017,2710.05,2723,2759,2718.25,2737,2735,2741.21,701126,1921934581,48744,444618,63.41
TCS,EQ,11/9/2017,2735,2750,2750,2719.3,2740,2736.4,2732.42,576216,1574462790,27786,370073,64.22
TCS,EQ,11/10/2017,2736.4,2722.2,2726,2693.35,2710,2708.75,2706.84,678283,1836006501,22485,456167,67.25
TCS,EQ,11/13/2017,2708.75,2702.05,2777.4,2702.05,2756.55,2758.95,2757.27,748498,2063808990,44504,379983,50.77
TCS,EQ,11/14/2017,2758.95,2756.55,2756.55,2707.5,2710,2714.6,2718.61,828626,2252715047,50733,554011,66.86
TCS,EQ,11/15/2017,2714.6,2706,2755,2701.35,2710,2705.3,2736.73,3335417,9128129059,47448,2841173,85.18
TCS,EQ,11/16/2017,2705.3,2710,2763,2686.95,2739.9,2746.65,2734,826741,2260313403,45075,380359,46.01
TCS,EQ,11/17/2017,2746.65,2748.1,2748.1,2703.6,2708.2,2707.3,2719.89,662732,1802558457,34043,411909,62.15
TCS,EQ,11/20/2017,2707.3,2715,2726.9,2695.3,2697.9,2703.45,2709.98,507249,1374632868,27013,360469,71.06
TCS,EQ,11/21/2017,2703.45,2701,2701,2666,2670.25,2672.95,2678.52,763870,2046044819,38552,527247,69.02
TCS,EQ,11/22/2017,2672.95,2673,2709.7,2672.4,2681.4,2680.65,2690.88,911312,2452235277,67085,612065,67.16
TCS,EQ,11/23/2017,2680.65,2681,2693,2669,2676.55,2681.25,2684.25,396735,1064937718,31522,189438,47.75
TCS,EQ,11/24/2017,2681.25,2682,2702.9,2673.1,2688.2,2688.05,2688.26,1143756,3074710399,47991,936777,81.9
TCS,EQ,11/27/2017,2688.05,2688,2695.9,2662.2,2683.05,2685.85,2678.65,928393,2486839610,40042,725134,78.11
TCS,EQ,11/28/2017,2685.85,2686,2702.4,2670,2681.05,2685.3,2679.22,455858,1221342324,29742,298928,65.57
TCS,EQ,11/29/2017,2685.3,2677.5,2693,2650,2653.65,2658.15,2674.7,723766,1935855718,41795,531968,73.5
TCS,EQ,11/30/2017,2658.15,2653.65,2666.95,2623,2635,2637,2641.37,2149981,5678900013,86807,1464976,68.14
TCS,EQ,12/1/2017,2637,2635,2668,2621.5,2630,2629.95,2647.75,515572,1365104151,37693,285458,55.37
TCS,EQ,12/4/2017,2629.95,2622,2658.5,2602.95,2630,2632.35,2629.84,629552,1655623149,37609,342423,54.39
TCS,EQ,12/5/2017,2632.35,2631,2651.7,2628.15,2633,2635.55,2641.13,583957,1542308264,33907,386120,66.12
TCS,EQ,12/6/2017,2635.55,2636,2645,2612.85,2635,2633.3,2627.47,703759,1849107520,61422,534381,75.93
TCS,EQ,12/7/2017,2633.3,2632.3,2645.95,2615,2617.95,2617.25,2623.62,663150,1739856625,52980,503427,75.91
TCS,EQ,12/8/2017,2617.25,2618,2645,2597,2600,2601.5,2621.69,692774,1816237017,67356,443099,63.96
TCS,EQ,12/11/2017,2601.5,2608.35,2672.65,2608.35,2670,2661.1,2635.45,504001,1328268598,47999,298309,59.19
TCS,EQ,12/12/2017,2661.1,2661,2662,2607.4,2609.55,2612.15,2624.14,941123,2469638200,57531,622120,66.1
TCS,EQ,12/13/2017,2612.15,2611.4,2651.45,2601,2633.5,2628.4,2632.07,1480729,3897385720,48513,1169964,79.01
TCS,EQ,12/14/2017,2628.4,2632,2632,2531.1,2558.2,2557.8,2558.8,2752075,7041999539,118270,1987921,72.23
TCS,EQ,12/15/2017,2557.8,2563.75,2584.45,2536.85,2543.95,2545.6,2552.92,1359069,3469591951,97835,934401,68.75
TCS,EQ,12/18/2017,2545.6,2537,2588.95,2494.35,2576.6,2580.5,2548.56,1090332,2778774408,71724,588034,53.93
TCS,EQ,12/19/2017,2580.5,2576,2597.8,2564.7,2577.4,2575.3,2583.18,900976,2327386545,76762,633455,70.31
TCS,EQ,12/20/2017,2575.3,2582,2592.75,2550.65,2592,2588.95,2573.6,788785,2030019887,68386,530550,67.26
TCS,EQ,12/21/2017,2588.95,2587,2608,2580.05,2582.1,2595.7,2595.09,646824,1678569251,40095,439879,68.01
TCS,EQ,12/22/2017,2595.7,2604,2663.9,2590.2,2640,2646.75,2636.33,1832832,4831948536,85852,757097,41.31
TCS,EQ,12/26/2017,2646.75,2686,2689.75,2631.6,2650.35,2649.45,2653.61,1087893,2886838516,52053,517570,47.58
TCS,EQ,12/27/2017,2649.45,2649.45,2658.5,2610.5,2617,2619.9,2632.21,369642,972974332.2,20483,142233,38.48
TCS,EQ,12/28/2017,2619.9,2608.8,2653.5,2605.65,2631,2626.95,2630.44,1302544,3426257490,47992,885214,67.96
TCS,EQ,12/29/2017,2626.95,2623.1,2708.9,2618.55,2700,2701.2,2677.92,1304771,3494069340,51608,757663,58.07
TCS,EQ,1/1/2018,2701.2,2682.3,2694.8,2635,2650,2645.6,2654.94,675880,1794417717,19464,330691,48.93
TCS,EQ,1/2/2018,2645.6,2660,2669.6,2620.2,2631,2631.2,2641.06,960145,2535800011,46813,555820,57.89
TCS,EQ,1/3/2018,2631.2,2632,2669,2631.2,2639,2638.65,2649.21,628560,1665185619,32104,361072,57.44
TCS,EQ,1/4/2018,2638.65,2650,2662,2640,2650,2657.1,2649.94,456541,1209807238,32647,264561,57.95
TCS,EQ,1/5/2018,2657.1,2650,2699.5,2650,2695,2689.2,2684.95,576853,1548821282,30836,318083,55.14
TCS,EQ,1/8/2018,2689.2,2700,2726.85,2681.85,2708.8,2714.4,2709.74,621110,1683046448,43815,345599,55.64
TCS,EQ,1/9/2018,2714.4,2715,2721,2676.55,2708.95,2709,2703.56,1074698,2905511380,47403,612650,57.01
TCS,EQ,1/10/2018,2709,2711,2816,2694.65,2803,2806.6,2763.3,1682925,4650423557,70764,699460,41.56
TCS,EQ,1/11/2018,2806.6,2810,2821.9,2782.2,2792.5,2790.5,2796.58,1260524,3525161029,71604,578244,45.87
TCS,EQ,1/12/2018,2790.5,2805,2805,2740.55,2769.9,2776.35,2764.28,1680157,4644422668,90884,472438,28.12
TCS,EQ,1/15/2018,2776.35,2777.15,2808,2735.05,2737.4,2746.1,2768.32,728607,2017014657,49926,394675,54.17
TCS,EQ,1/16/2018,2746.1,2756,2861.65,2750.55,2860,2850.85,2834.5,2133876,6048464572,85776,639155,29.95
TCS,EQ,1/17/2018,2850.85,2870,2925,2862.15,2895,2888.95,2900.36,2140403,6207945520,94873,965845,45.12
TCS,EQ,1/18/2018,2888.95,2897,2933,2868.05,2926.55,2918.2,2896.35,1104739,3199711974,51786,568379,51.45
TCS,EQ,1/19/2018,2918.2,2930.55,2982,2903.65,2974.85,2959.3,2930.77,910000,2667000913,44039,436952,48.02
TCS,EQ,1/22/2018,2959.3,2961,3134.7,2922,3090,3116.4,3052.16,2183555,6664565989,97757,663651,30.39
TCS,EQ,1/23/2018,3116.4,3114.95,3142.35,3090.05,3097.9,3102,3112.03,1619805,5040878630,68887,705309,43.54
TCS,EQ,1/24/2018,3102,3090,3259.05,3082.65,3174.95,3174.6,3189.59,2810769,8965187783,111512,862385,30.68
